,,,,,,,,,,,,
,,,,,,,,,,,,
,,,,,,,,,,,,
,,,,Entsprechungen,,,,,,,,
Strecke in km,Dauer h:m:s,Dauer in h (dezimal),Geschwindigkeit km/h,10km,,"21,1km",,"42,2km",,1km,,
"21,1",01:02:47,"1,05","20,16","0,4959189047",0:29:45,"1,046388889",1:02:47,"2,092777778",2:05:34,"0,04959189047",0:02:59,"6.Platz Hella Halbmarathon 24 - Haftom Welday, (TH Eilbeck) (schnellster Deutscher und Hamburger)"
"21,1",01:02:07,"1,04","20,38","0,4906529753",0:29:26,"1,035277778",1:02:07,"2,070555556",2:04:14,"0,04906529753",0:02:57,1.Platz Hella Halbmarathon 24 - Towett Vincent Kimutai
"21,1",02:19:48,"2,33","9,06","1,104265403",1:06:15,"2,33",2:19:48,"4,66",4:39:36,"0,1104265403",0:06:38,"Daniel, Hella Halbmarathon 30.6.2024, Nr 7449 von 9779 Teilnehmern (m/w/d), Nr 4947 von 5913 Männern, Nr 592 von 682 Teilnehmern in Alterklasse 40 (männl.)"
"21,1",02:10:05,"2,17","9,73","1,027514481",1:01:39,"2,168055556",2:10:05,"4,336111111",4:20:10,"0,1027514481",0:06:10,"Daniel, Blankeneser Heldenlauf 27.8.2023 - Nr 144 von 211, AK: 20 von 22, M/W-Platz: 105"
,,,,,,,,,,,,
"7,5",00:39:50,"0,66","11,30","0,8851851852",0:53:07,"1,867740741",1:52:04,"3,735481481",3:44:08,"0,08851851852",0:05:19,"Daniel, SportScheck Alster Run 14.6.19"
,,,,,,,,,,,,
"5,6",00:17:37,"0,29","19,07","0,5243055556",0:31:28,"1,106284722",1:06:23,"2,212569444",2:12:45,"0,05243055556",0:03:09,"(Erster Platz: Pascal Dethlefs (Debeka), B2Run, 14.5.19)"
"5,6",00:26:33,"0,44","12,66","0,7901785714",0:47:25,"1,667276786",1:40:02,"3,334553571",3:20:04,"0,07901785714",0:04:44,"(Dirk Holtstiege, Bester im FUNKE Zeitschriften Team)"
"5,6",00:27:53,"0,46","12,05","0,8298611111",0:49:48,"1,751006944",1:45:04,"3,502013889",3:30:07,"0,08298611111",0:04:59,"(Daniel, B2Run, Funke-Team, 14.5.19)"
,,,,,,,,,,,,
"21,1",02:04:36,"2,08","10,16","0,9842022117",0:59:03,"2,076666667",2:04:36,"4,153333333",4:09:12,"0,09842022117",0:05:54,"(Daniel, Blankeneser Heldenlauf 26.8.2018)"
"21,1",02:35:44,"2,60","8,13","1,230121116",1:13:48,"2,595555556",2:35:44,"5,191111111",5:11:28,"0,1230121116",0:07:23,"(Akiko, Blankeneser Heldenlauf 26.8.2018)"
,,,,,,,,,,,,
"21,1",02:21:07,"2,35","8,97","1,114665613",1:06:53,"2,351944444",2:21:07,"4,703888889",4:42:14,"0,1114665613",0:06:41,"(Hella Halbmarathon 25.6.17 - Akiko Kasai, Nr. 2517)"
"21,1",02:03:07,"2,05","10,28","0,9724855187",0:58:21,"2,051944444",2:03:07,"4,103888889",4:06:14,"0,09724855187",0:05:50,"(Hella Halbmarathon 25.6.17 - Daniel Kasai, Nr. 3346)"
"21,1",02:14:13,"2,24","9,43","1,060163244",1:03:37,"2,236944444",2:14:13,"4,473888889",4:28:26,"0,1060163244",0:06:22,(Hella Halbmarathon 26.6.16)
10,0:57:20,"0,96","10,47","0,9555555556",0:57:20,"2,016222222",2:00:58,"4,032444444",4:01:57,"0,09555555556",0:05:44,(Alstertal 27.9.15)
"21,1",2:19:50,"2,33","9,05363528","1,104528699",1:06:16,"2,330555556",2:19:50,"4,661111111",4:39:40,"0,1104528699",0:06:38,(Wilhelmsburg 3.4.16)
"21,1",2:09:48,"2,16","9,753466872","1,025276461",1:01:31,"2,163333333",2:09:48,"4,326666667",4:19:36,"0,1025276461",0:06:09,(Wilhelmsburg 12.4.15)
10,0:57:42,"0,96","10,39861352","0,9616666667",0:57:42,"2,029116667",2:01:45,"4,058233333",4:03:30,"0,09616666667",0:05:46,(Alstertal 28.9.14)
,,,,,,,,,,,,
12,00:40:52,"0,68","17,6182708","0,5675925926",0:34:03,"1,19762037",1:11:51,"2,395240741",2:23:43,"0,05675925926",0:03:24,(Köhlbrandbrücke 2017 1.Platz: Claudius Michalak)
12,01:20:49,"1,35","8,909053413","1,122453704",1:07:21,"2,368377315",2:22:06,"4,73675463",4:44:12,"0,1122453704",0:06:44,(Köhlbrandbrücke 2017 Akiko Kasai)
12,01:05:59,"1,10","10,91184643","0,9164351852",0:54:59,"1,933678241",1:56:01,"3,867356481",3:52:02,"0,09164351852",0:05:30,(Köhlbrandbrücke 2017 Daniel Kasai)
12,01:39:05,"1,65","7,266610597","1,376157407",1:22:34,"2,90369213",2:54:13,"5,807384259",5:48:27,"0,1376157407",0:08:15,(Köhlbrandbrücke Akiko Kasai)
12,01:08:11,"1,14","10,55976534","0,9469907407",0:56:49,"1,998150463",1:59:53,"3,996300926",3:59:47,"0,09469907407",0:05:41,(Köhlbrandbrücke Daniel Kasai)
12,01:10:04,"1,17","10,27592769","0,9731481481",0:58:23,"2,053342593",2:03:12,"4,106685185",4:06:24,"0,09731481481",0:05:50,(Köhlbrandbrücke Frank Maier)
12,01:13:26,"1,22","9,804811621","1,019907407",1:01:12,"2,15200463",2:09:07,"4,304009259",4:18:14,"0,1019907407",0:06:07,(Köhlbrandbrücke Daniela Tost)
12,00:40:14,"0,67","17,89560895","0,5587962963",0:33:32,"1,179060185",1:10:45,"2,35812037",2:21:29,"0,05587962963",0:03:21,(Köhlbrandbrücke Dennis Mehlfeld Platz1)
12,00:40:50,"0,68","17,63265306","0,5671296296",0:34:02,"1,196643519",1:11:48,"2,393287037",2:23:36,"0,05671296296",0:03:24,(Köhlbrandbrücke Dieter Schwarzkopf - Bester aus unserer Gruppe)
,,,,,,,,,,,,
"21,1",01:01:05,"1,02","20,73","0,4824907846",0:28:57,"1,018055556",1:01:05,"2,036111111",2:02:10,"0,04824907846",0:02:54,"(Hella Halbmarathon - 25.6.17 - 1.Platz (Kangogo, Albert (KEN))"
"42,2",04:20:00,"4,33","9,74","1,02685624",1:01:37,"2,166666667",2:10:00,"4,333333333",4:20:00,"0,102685624",0:06:10,(Papa Marathon)
"21,1",01:26:00,"1,43","14,72","0,6793048973",0:40:45,"1,433333333",1:26:00,"2,866666667",2:52:00,"0,06793048973",0:04:05,(Bekannter von Yosuke (Japaner) - Hella Halbmarathon 26.6.16)
10,00:30:00,"0,50",20,"0,5",0:30:00,"1,055",1:03:18,"2,11",2:06:36,"0,05",0:03:00,
"21,1",01:41:51,"1,70","12,43004418","0,8045023697",0:48:16,"1,6975",1:41:51,"3,395",3:23:42,"0,08045023697",0:04:50,(Zeit von Josef - HM Wilhelmsburg)
10,00:36:03,"0,60","16,64355062","0,6008333333",0:36:03,"1,267758333",1:16:04,"2,535516667",2:32:08,"0,06008333333",0:03:36,(Bestzeit bei 10km Alstertal 2015)
6,00:30:00,"0,50",12,"0,8333333333",0:50:00,"1,758333333",1:45:30,"3,516666667",3:31:00,"0,08333333333",0:05:00,
2,00:08:00,"0,13",15,"0,6666666667",0:40:00,"1,406666667",1:24:24,"2,813333333",2:48:48,"0,06666666667",0:04:00,
,,,,,,,,,,,,
3,00:15:00,"0,25",12,"0,8333333333",0:50:00,"1,758333333",1:45:30,"3,516666667",3:31:00,"0,08333333333",0:05:00,
3,00:10:00,"0,17",18,"0,5555555556",0:33:20,"1,172222222",1:10:20,"2,344444444",2:20:40,"0,05555555556",0:03:20,
3,00:12:00,"0,20",15,"0,6666666667",0:40:00,"1,406666667",1:24:24,"2,813333333",2:48:48,"0,06666666667",0:04:00,
"4,3",00:17:00,"0,28","15,17647059","0,6589147287",0:39:32,"1,390310078",1:23:25,"2,780620155",2:46:50,"0,06589147287",0:03:57,
5,00:20:00,"0,33",15,"0,6666666667",0:40:00,"1,406666667",1:24:24,"2,813333333",2:48:48,"0,06666666667",0:04:00,
,,,,,,,,,,,,
10,00:45:00,"0,75","13,33333333","0,75",0:45:00,"1,5825",1:34:57,"3,165",3:09:54,"0,075",0:04:30,
"21,1",02:00:00,"2,00","10,55","0,9478672986",0:56:52,2,2:00:00,4,4:00:00,"0,09478672986",0:05:41,
"21,1",01:30:00,"1,50","14,06666667","0,7109004739",0:42:39,"1,5",1:30:00,3,3:00:00,"0,07109004739",0:04:16,